dispId,path
"000001","\\\\192.168.1.1\\data$\\images\\000001.jpg"
"000002","\\\\192.168.1.1\\data$\\images\\000002.jpg"
"000003","\\\\192.168.1.1\\data$\\images\\000003.jpg"
"000004","\\\\192.168.1.1\\data$\\images\\000004.jpg"
"000005","\\\\192.168.1.1\\data$\\images\\000005.jpg"
"000006","\\\\192.168.1.1\\data$\\images\\000006.jpg"
"000007","\\\\192.168.1.1\\data$\\images\\000007.jpg"
"000008","\\\\192.168.1.1\\data$\\images\\000008.jpg"
"000009","\\\\192.168.1.1\\data$\\images\\000009.jpg"
"000010","\\\\192.168.1.1\\data$\\images\\000010.jpg"
"000011","\\\\192.168.1.1\\data$\\images\\000011.jpg"
"000012","\\\\192.168.1.1\\data$\\images\\000012.jpg"
"000013","\\\\192.168.1.1\\data$\\images\\000013.jpg"
"000014","\\\\192.168.1.1\\data$\\images\\000014.jpg"
"000015","\\\\192.168.1.1\\data$\\images\\000015.jpg"
"000016","\\\\192.168.1.1\\data$\\images\\000016.jpg"
"000017","\\\\192.168.1.1\\data$\\images\\000017.jpg"
"000018","\\\\192.168.1.1\\data$\\images\\000018.jpg"
"000019","\\\\192.168.1.1\\data$\\images\\000019.jpg"
"000020","\\\\192.168.1.1\\data$\\images\\000020.jpg"
"000021","\\\\192.168.1.1\\data$\\images\\000021.jpg"
"000022","\\\\192.168.1.1\\data$\\images\\000022.jpg"
"000023","\\\\192.168.1.1\\data$\\images\\000023.jpg"
"000024","\\\\192.168.1.1\\data$\\images\\000024.jpg"
"000025","\\\\192.168.1.1\\data$\\images\\000025.jpg"
"000026","\\\\192.168.1.1\\data$\\images\\000026.jpg"
"000027","\\\\192.168.1.1\\data$\\images\\000027.jpg"
"000028","\\\\192.168.1.1\\data$\\images\\000028.jpg"
"000029","\\\\192.168.1.1\\data$\\images\\000029.jpg"
"000030","\\\\192.168.1.1\\data$\\images\\000030.jpg"
"000031","\\\\192.168.1.1\\data$\\images\\000031.jpg"
"000032","\\\\192.168.1.1\\data$\\images\\000032.jpg"
"000033","\\\\192.168.1.1\\data$\\images\\000033.jpg"
"000034","\\\\192.168.1.1\\data$\\images\\000034.jpg"
"000035","\\\\192.168.1.1\\data$\\images\\000035.jpg"
"000036","\\\\192.168.1.1\\data$\\images\\000036.jpg"
"000037","\\\\192.168.1.1\\data$\\images\\000037.jpg"
"000038","\\\\192.168.1.1\\data$\\images\\000038.jpg"
"000039","\\\\192.168.1.1\\data$\\images\\000039.jpg"
"000040","\\\\192.168.1.1\\data$\\images\\000040.jpg"
"000041","\\\\192.168.1.1\\data$\\images\\000041.jpg"
"000042","\\\\192.168.1.1\\data$\\images\\000042.jpg"
"000043","\\\\192.168.1.1\\data$\\images\\000043.jpg"
"000044","\\\\192.168.1.1\\data$\\images\\000044.jpg"
"000045","\\\\192.168.1.1\\data$\\images\\000045.jpg"
"000046","\\\\192.168.1.1\\data$\\images\\000046.jpg"
"000047","\\\\192.168.1.1\\data$\\images\\000047.jpg"
"000048","\\\\192.168.1.1\\data$\\images\\000048.jpg"
"000049","\\\\192.168.1.1\\data$\\images\\000049.jpg"
"000050","\\\\192.168.1.1\\data$\\images\\000050.jpg"
"000051","\\\\192.168.1.1\\data$\\images\\000051.jpg"
"000052","\\\\192.168.1.1\\data$\\images\\000052.jpg"
"000053","\\\\192.168.1.1\\data$\\images\\000053.jpg"
"000054","\\\\192.168.1.1\\data$\\images\\000054.jpg"
"000055","\\\\192.168.1.1\\data$\\images\\000055.jpg"
"000056","\\\\192.168.1.1\\data$\\images\\000056.jpg"
"000057","\\\\192.168.1.1\\data$\\images\\000057.jpg"
"000058","\\\\192.168.1.1\\data$\\images\\000058.jpg"
"000059","\\\\192.168.1.1\\data$\\images\\000059.jpg"
"000060","\\\\192.168.1.1\\data$\\images\\000060.jpg"
"000061","\\\\192.168.1.1\\data$\\images\\000061.jpg"
"000062","\\\\192.168.1.1\\data$\\images\\000062.jpg"
"000063","\\\\192.168.1.1\\data$\\images\\000063.jpg"
"000064","\\\\192.168.1.1\\data$\\images\\000064.jpg"
"000065","\\\\192.168.1.1\\data$\\images\\000065.jpg"
"000066","\\\\192.168.1.1\\data$\\images\\000066.jpg"
"000067","\\\\192.168.1.1\\data$\\images\\000067.jpg"
"000068","\\\\192.168.1.1\\data$\\images\\000068.jpg"
"000069","\\\\192.168.1.1\\data$\\images\\000069.jpg"
"000070","\\\\192.168.1.1\\data$\\images\\000070.jpg"
"000071","\\\\192.168.1.1\\data$\\images\\000071.jpg"
"000072","\\\\192.168.1.1\\data$\\images\\000072.jpg"
"000073","\\\\192.168.1.1\\data$\\images\\000073.jpg"
"000074","\\\\192.168.1.1\\data$\\images\\000074.jpg"
"000075","\\\\192.168.1.1\\data$\\images\\000075.jpg"
"000076","\\\\192.168.1.1\\data$\\images\\000076.jpg"
"000077","\\\\192.168.1.1\\data$\\images\\000077.jpg"
"000078","\\\\192.168.1.1\\data$\\images\\000078.jpg"
"000079","\\\\192.168.1.1\\data$\\images\\000079.jpg"
"000080","\\\\192.168.1.1\\data$\\images\\000080.jpg"
"000081","\\\\192.168.1.1\\data$\\images\\000081.jpg"
"000082","\\\\192.168.1.1\\data$\\images\\000082.jpg"
"000083","\\\\192.168.1.1\\data$\\images\\000083.jpg"
"000084","\\\\192.168.1.1\\data$\\images\\000084.jpg"
"000085","\\\\192.168.1.1\\data$\\images\\000085.jpg"
"000086","\\\\192.168.1.1\\data$\\images\\000086.jpg"
"000087","\\\\192.168.1.1\\data$\\images\\000087.jpg"
"000088","\\\\192.168.1.1\\data$\\images\\000088.jpg"
"000089","\\\\192.168.1.1\\data$\\images\\000089.jpg"
"000090","\\\\192.168.1.1\\data$\\images\\000090.jpg"
"000091","\\\\192.168.1.1\\data$\\images\\000091.jpg"
"000092","\\\\192.168.1.1\\data$\\images\\000092.jpg"
"000093","\\\\192.168.1.1\\data$\\images\\000093.jpg"
"000094","\\\\192.168.1.1\\data$\\images\\000094.jpg"
"000095","\\\\192.168.1.1\\data$\\images\\000095.jpg"
"000096","\\\\192.168.1.1\\data$\\images\\000096.jpg"
"000097","\\\\192.168.1.1\\data$\\images\\000097.jpg"
"000098","\\\\192.168.1.1\\data$\\images\\000098.jpg"
"000099","\\\\192.168.1.1\\data$\\images\\000099.jpg"
"000100","\\\\192.168.1.1\\data$\\images\\000100.jpg"
"000101","\\\\192.168.1.1\\data$\\images\\000101.jpg"
"000102","\\\\192.168.1.1\\data$\\images\\000102.jpg"
"000103","\\\\192.168.1.1\\data$\\images\\000103.jpg"
"000104","\\\\192.168.1.1\\data$\\images\\000104.jpg"
"000105","\\\\192.168.1.1\\data$\\images\\000105.jpg"
"000106","\\\\192.168.1.1\\data$\\images\\000106.jpg"
"000107","\\\\192.168.1.1\\data$\\images\\000107.jpg"
"000108","\\\\192.168.1.1\\data$\\images\\000108.jpg"
"000109","\\\\192.168.1.1\\data$\\images\\000109.jpg"
"000110","\\\\192.168.1.1\\data$\\images\\000110.jpg"
"000111","\\\\192.168.1.1\\data$\\images\\000111.jpg"
"000112","\\\\192.168.1.1\\data$\\images\\000112.jpg"
"000113","\\\\192.168.1.1\\data$\\images\\000113.jpg"
"000114","\\\\192.168.1.1\\data$\\images\\000114.jpg"
"000115","\\\\192.168.1.1\\data$\\images\\000115.jpg"
"000116","\\\\192.168.1.1\\data$\\images\\000116.jpg"
"000117","\\\\192.168.1.1\\data$\\images\\000117.jpg"
"000118","\\\\192.168.1.1\\data$\\images\\000118.jpg"
"000119","\\\\192.168.1.1\\data$\\images\\000119.jpg"
"000120","\\\\192.168.1.1\\data$\\images\\000120.jpg"
"000121","\\\\192.168.1.1\\data$\\images\\000121.jpg"
"000122","\\\\192.168.1.1\\data$\\images\\000122.jpg"
"000123","\\\\192.168.1.1\\data$\\images\\000123.jpg"
"000124","\\\\192.168.1.1\\data$\\images\\000124.jpg"
"000125","\\\\192.168.1.1\\data$\\images\\000125.jpg"
"000126","\\\\192.168.1.1\\data$\\images\\000126.jpg"
"000127","\\\\192.168.1.1\\data$\\images\\000127.jpg"
"000128","\\\\192.168.1.1\\data$\\images\\000128.jpg"
"000129","\\\\192.168.1.1\\data$\\images\\000129.jpg"
"000130","\\\\192.168.1.1\\data$\\images\\000130.jpg"
"000131","\\\\192.168.1.1\\data$\\images\\000131.jpg"
"000132","\\\\192.168.1.1\\data$\\images\\000132.jpg"
"000133","\\\\192.168.1.1\\data$\\images\\000133.jpg"
"000134","\\\\192.168.1.1\\data$\\images\\000134.jpg"
"000135","\\\\192.168.1.1\\data$\\images\\000135.jpg"
"000136","\\\\192.168.1.1\\data$\\images\\000136.jpg"
"000137","\\\\192.168.1.1\\data$\\images\\000137.jpg"
"000138","\\\\192.168.1.1\\data$\\images\\000138.jpg"
"000139","\\\\192.168.1.1\\data$\\images\\000139.jpg"
"000140","\\\\192.168.1.1\\data$\\images\\000140.jpg"
"000141","\\\\192.168.1.1\\data$\\images\\000141.jpg"
"000142","\\\\192.168.1.1\\data$\\images\\000142.jpg"
"000143","\\\\192.168.1.1\\data$\\images\\000143.jpg"
"000144","\\\\192.168.1.1\\data$\\images\\000144.jpg"
"000145","\\\\192.168.1.1\\data$\\images\\000145.jpg"
"000146","\\\\192.168.1.1\\data$\\images\\000146.jpg"
"000147","\\\\192.168.1.1\\data$\\images\\000147.jpg"
"000148","\\\\192.168.1.1\\data$\\images\\000148.jpg"
"000149","\\\\192.168.1.1\\data$\\images\\000149.jpg"
"000150","\\\\192.168.1.1\\data$\\images\\000150.jpg"
"000151","\\\\192.168.1.1\\data$\\images\\000151.jpg"
"000152","\\\\192.168.1.1\\data$\\images\\000152.jpg"
"000153","\\\\192.168.1.1\\data$\\images\\000153.jpg"
"000154","\\\\192.168.1.1\\data$\\images\\000154.jpg"
"000155","\\\\192.168.1.1\\data$\\images\\000155.jpg"
"000156","\\\\192.168.1.1\\data$\\images\\000156.jpg"
"000157","\\\\192.168.1.1\\data$\\images\\000157.jpg"
"000158","\\\\192.168.1.1\\data$\\images\\000158.jpg"
"000159","\\\\192.168.1.1\\data$\\images\\000159.jpg"
"000160","\\\\192.168.1.1\\data$\\images\\000160.jpg"
"000161","\\\\192.168.1.1\\data$\\images\\000161.jpg"
"000162","\\\\192.168.1.1\\data$\\images\\000162.jpg"
"000163","\\\\192.168.1.1\\data$\\images\\000163.jpg"
"000164","\\\\192.168.1.1\\data$\\images\\000164.jpg"
"000165","\\\\192.168.1.1\\data$\\images\\000165.jpg"
"000166","\\\\192.168.1.1\\data$\\images\\000166.jpg"
"000167","\\\\192.168.1.1\\data$\\images\\000167.jpg"
"000168","\\\\192.168.1.1\\data$\\images\\000168.jpg"
"000169","\\\\192.168.1.1\\data$\\images\\000169.jpg"
"000170","\\\\192.168.1.1\\data$\\images\\000170.jpg"
"000171","\\\\192.168.1.1\\data$\\images\\000171.jpg"
"000172","\\\\192.168.1.1\\data$\\images\\000172.jpg"
"000173","\\\\192.168.1.1\\data$\\images\\000173.jpg"
"000174","\\\\192.168.1.1\\data$\\images\\000174.jpg"
"000175","\\\\192.168.1.1\\data$\\images\\000175.jpg"
"000176","\\\\192.168.1.1\\data$\\images\\000176.jpg"
"000177","\\\\192.168.1.1\\data$\\images\\000177.jpg"
"000178","\\\\192.168.1.1\\data$\\images\\000178.jpg"
"000179","\\\\192.168.1.1\\data$\\images\\000179.jpg"
"000180","\\\\192.168.1.1\\data$\\images\\000180.jpg"
"000181","\\\\192.168.1.1\\data$\\images\\000181.jpg"
"000182","\\\\192.168.1.1\\data$\\images\\000182.jpg"
"000183","\\\\192.168.1.1\\data$\\images\\000183.jpg"
"000184","\\\\192.168.1.1\\data$\\images\\000184.jpg"
"000185","\\\\192.168.1.1\\data$\\images\\000185.jpg"
"000186","\\\\192.168.1.1\\data$\\images\\000186.jpg"
"000187","\\\\192.168.1.1\\data$\\images\\000187.jpg"
"000188","\\\\192.168.1.1\\data$\\images\\000188.jpg"
"000189","\\\\192.168.1.1\\data$\\images\\000189.jpg"
"000190","\\\\192.168.1.1\\data$\\images\\000190.jpg"
"000191","\\\\192.168.1.1\\data$\\images\\000191.jpg"
"000192","\\\\192.168.1.1\\data$\\images\\000192.jpg"
"000193","\\\\192.168.1.1\\data$\\images\\000193.jpg"
"000194","\\\\192.168.1.1\\data$\\images\\000194.jpg"
"000195","\\\\192.168.1.1\\data$\\images\\000195.jpg"
"000196","\\\\192.168.1.1\\data$\\images\\000196.jpg"
"000197","\\\\192.168.1.1\\data$\\images\\000197.jpg"
"000198","\\\\192.168.1.1\\data$\\images\\000198.jpg"
"000199","\\\\192.168.1.1\\data$\\images\\000199.jpg"
"000200","\\\\192.168.1.1\\data$\\images\\000200.jpg"
"000201","\\\\192.168.1.1\\data$\\images\\000201.jpg"
"000202","\\\\192.168.1.1\\data$\\images\\000202.jpg"
"000203","\\\\192.168.1.1\\data$\\images\\000203.jpg"
"000204","\\\\192.168.1.1\\data$\\images\\000204.jpg"
"000205","\\\\192.168.1.1\\data$\\images\\000205.jpg"
"000206","\\\\192.168.1.1\\data$\\images\\000206.jpg"
"000207","\\\\192.168.1.1\\data$\\images\\000207.jpg"
"000208","\\\\192.168.1.1\\data$\\images\\000208.jpg"
"000209","\\\\192.168.1.1\\data$\\images\\000209.jpg"
"000210","\\\\192.168.1.1\\data$\\images\\000210.jpg"
"000211","\\\\192.168.1.1\\data$\\images\\000211.jpg"
"000212","\\\\192.168.1.1\\data$\\images\\000212.jpg"
"000213","\\\\192.168.1.1\\data$\\images\\000213.jpg"
"000214","\\\\192.168.1.1\\data$\\images\\000214.jpg"
"000215","\\\\192.168.1.1\\data$\\images\\000215.jpg"
"000216","\\\\192.168.1.1\\data$\\images\\000216.jpg"
"000217","\\\\192.168.1.1\\data$\\images\\000217.jpg"
"000218","\\\\192.168.1.1\\data$\\images\\000218.jpg"
"000219","\\\\192.168.1.1\\data$\\images\\000219.jpg"
"000220","\\\\192.168.1.1\\data$\\images\\000220.jpg"
"000221","\\\\192.168.1.1\\data$\\images\\000221.jpg"
"000222","\\\\192.168.1.1\\data$\\images\\000222.jpg"
"000223","\\\\192.168.1.1\\data$\\images\\000223.jpg"
"000224","\\\\192.168.1.1\\data$\\images\\000224.jpg"
"000225","\\\\192.168.1.1\\data$\\images\\000225.jpg"
"000226","\\\\192.168.1.1\\data$\\images\\000226.jpg"
"000227","\\\\192.168.1.1\\data$\\images\\000227.jpg"
"000228","\\\\192.168.1.1\\data$\\images\\000228.jpg"
"000229","\\\\192.168.1.1\\data$\\images\\000229.jpg"
"000230","\\\\192.168.1.1\\data$\\images\\000230.jpg"
"000231","\\\\192.168.1.1\\data$\\images\\000231.jpg"
"000232","\\\\192.168.1.1\\data$\\images\\000232.jpg"
"000233","\\\\192.168.1.1\\data$\\images\\000233.jpg"
"000234","\\\\192.168.1.1\\data$\\images\\000234.jpg"
"000235","\\\\192.168.1.1\\data$\\images\\000235.jpg"
"000236","\\\\192.168.1.1\\data$\\images\\000236.jpg"
"000237","\\\\192.168.1.1\\data$\\images\\000237.jpg"
"000238","\\\\192.168.1.1\\data$\\images\\000238.jpg"
"000239","\\\\192.168.1.1\\data$\\images\\000239.jpg"
"000240","\\\\192.168.1.1\\data$\\images\\000240.jpg"
"000241","\\\\192.168.1.1\\data$\\images\\000241.jpg"
"000242","\\\\192.168.1.1\\data$\\images\\000242.jpg"
"000243","\\\\192.168.1.1\\data$\\images\\000243.jpg"
"000244","\\\\192.168.1.1\\data$\\images\\000244.jpg"
"000245","\\\\192.168.1.1\\data$\\images\\000245.jpg"
"000246","\\\\192.168.1.1\\data$\\images\\000246.jpg"
"000247","\\\\192.168.1.1\\data$\\images\\000247.jpg"
"000248","\\\\192.168.1.1\\data$\\images\\000248.jpg"
"000249","\\\\192.168.1.1\\data$\\images\\000249.jpg"
"000250","\\\\192.168.1.1\\data$\\images\\000250.jpg"
"000251","\\\\192.168.1.1\\data$\\images\\000251.jpg"
"000252","\\\\192.168.1.1\\data$\\images\\000252.jpg"
"000253","\\\\192.168.1.1\\data$\\images\\000253.jpg"
"000254","\\\\192.168.1.1\\data$\\images\\000254.jpg"
"000255","\\\\192.168.1.1\\data$\\images\\000255.jpg"
"000256","\\\\192.168.1.1\\data$\\images\\000256.jpg"
"000257","\\\\192.168.1.1\\data$\\images\\000257.jpg"
"000258","\\\\192.168.1.1\\data$\\images\\000258.jpg"
"000259","\\\\192.168.1.1\\data$\\images\\000259.jpg"
"000260","\\\\192.168.1.1\\data$\\images\\000260.jpg"
"000261","\\\\192.168.1.1\\data$\\images\\000261.jpg"
"000262","\\\\192.168.1.1\\data$\\images\\000262.jpg"
"000263","\\\\192.168.1.1\\data$\\images\\000263.jpg"
"000264","\\\\192.168.1.1\\data$\\images\\000264.jpg"
"000265","\\\\192.168.1.1\\data$\\images\\000265.jpg"
"000266","\\\\192.168.1.1\\data$\\images\\000266.jpg"
"000267","\\\\192.168.1.1\\data$\\images\\000267.jpg"
"000268","\\\\192.168.1.1\\data$\\images\\000268.jpg"
"000269","\\\\192.168.1.1\\data$\\images\\000269.jpg"
"000270","\\\\192.168.1.1\\data$\\images\\000270.jpg"
"000271","\\\\192.168.1.1\\data$\\images\\000271.jpg"
"000272","\\\\192.168.1.1\\data$\\images\\000272.jpg"
"000273","\\\\192.168.1.1\\data$\\images\\000273.jpg"
"000274","\\\\192.168.1.1\\data$\\images\\000274.jpg"
"000275","\\\\192.168.1.1\\data$\\images\\000275.jpg"
"000276","\\\\192.168.1.1\\data$\\images\\000276.jpg"
"000277","\\\\192.168.1.1\\data$\\images\\000277.jpg"
"000278","\\\\192.168.1.1\\data$\\images\\000278.jpg"
"000279","\\\\192.168.1.1\\data$\\images\\000279.jpg"
"000280","\\\\192.168.1.1\\data$\\images\\000280.jpg"
"000281","\\\\192.168.1.1\\data$\\images\\000281.jpg"
"000282","\\\\192.168.1.1\\data$\\images\\000282.jpg"
"000283","\\\\192.168.1.1\\data$\\images\\000283.jpg"
"000284","\\\\192.168.1.1\\data$\\images\\000284.jpg"
"000285","\\\\192.168.1.1\\data$\\images\\000285.jpg"
"000286","\\\\192.168.1.1\\data$\\images\\000286.jpg"
"000287","\\\\192.168.1.1\\data$\\images\\000287.jpg"
"000288","\\\\192.168.1.1\\data$\\images\\000288.jpg"
"000289","\\\\192.168.1.1\\data$\\images\\000289.jpg"
"000290","\\\\192.168.1.1\\data$\\images\\000290.jpg"
"000291","\\\\192.168.1.1\\data$\\images\\000291.jpg"
"000292","\\\\192.168.1.1\\data$\\images\\000292.jpg"
"000293","\\\\192.168.1.1\\data$\\images\\000293.jpg"
"000294","\\\\192.168.1.1\\data$\\images\\000294.jpg"
"000295","\\\\192.168.1.1\\data$\\images\\000295.jpg"
"000296","\\\\192.168.1.1\\data$\\images\\000296.jpg"
"000297","\\\\192.168.1.1\\data$\\images\\000297.jpg"
"000298","\\\\192.168.1.1\\data$\\images\\000298.jpg"
"000299","\\\\192.168.1.1\\data$\\images\\000299.jpg"
"000300","\\\\192.168.1.1\\data$\\images\\000300.jpg"
"000301","\\\\192.168.1.1\\data$\\images\\000301.jpg"
"000302","\\\\192.168.1.1\\data$\\images\\000302.jpg"
"000303","\\\\192.168.1.1\\data$\\images\\000303.jpg"
"000304","\\\\192.168.1.1\\data$\\images\\000304.jpg"
"000305","\\\\192.168.1.1\\data$\\images\\000305.jpg"
"000306","\\\\192.168.1.1\\data$\\images\\000306.jpg"
"000307","\\\\192.168.1.1\\data$\\images\\000307.jpg"
"000308","\\\\192.168.1.1\\data$\\images\\000308.jpg"
"000309","\\\\192.168.1.1\\data$\\images\\000309.jpg"
"000310","\\\\192.168.1.1\\data$\\images\\000310.jpg"
"000311","\\\\192.168.1.1\\data$\\images\\000311.jpg"
"000312","\\\\192.168.1.1\\data$\\images\\000312.jpg"
"000313","\\\\192.168.1.1\\data$\\images\\000313.jpg"
"000314","\\\\192.168.1.1\\data$\\images\\000314.jpg"
"000315","\\\\192.168.1.1\\data$\\images\\000315.jpg"
"000316","\\\\192.168.1.1\\data$\\images\\000316.jpg"
"000317","\\\\192.168.1.1\\data$\\images\\000317.jpg"
"000318","\\\\192.168.1.1\\data$\\images\\000318.jpg"
"000319","\\\\192.168.1.1\\data$\\images\\000319.jpg"
"000320","\\\\192.168.1.1\\data$\\images\\000320.jpg"
"000321","\\\\192.168.1.1\\data$\\images\\000321.jpg"
"000322","\\\\192.168.1.1\\data$\\images\\000322.jpg"
"000323","\\\\192.168.1.1\\data$\\images\\000323.jpg"
"000324","\\\\192.168.1.1\\data$\\images\\000324.jpg"
"000325","\\\\192.168.1.1\\data$\\images\\000325.jpg"
"000326","\\\\192.168.1.1\\data$\\images\\000326.jpg"
"000327","\\\\192.168.1.1\\data$\\images\\000327.jpg"
"000328","\\\\192.168.1.1\\data$\\images\\000328.jpg"
"000329","\\\\192.168.1.1\\data$\\images\\000329.jpg"
"000330","\\\\192.168.1.1\\data$\\images\\000330.jpg"
"000331","\\\\192.168.1.1\\data$\\images\\000331.jpg"
"000332","\\\\192.168.1.1\\data$\\images\\000332.jpg"
"000333","\\\\192.168.1.1\\data$\\images\\000333.jpg"
"000334","\\\\192.168.1.1\\data$\\images\\000334.jpg"
"000335","\\\\192.168.1.1\\data$\\images\\000335.jpg"
"000336","\\\\192.168.1.1\\data$\\images\\000336.jpg"
"000337","\\\\192.168.1.1\\data$\\images\\000337.jpg"
"000338","\\\\192.168.1.1\\data$\\images\\000338.jpg"
"000339","\\\\192.168.1.1\\data$\\images\\000339.jpg"
"000340","\\\\192.168.1.1\\data$\\images\\000340.jpg"
"000341","\\\\192.168.1.1\\data$\\images\\000341.jpg"
"000342","\\\\192.168.1.1\\data$\\images\\000342.jpg"
"000343","\\\\192.168.1.1\\data$\\images\\000343.jpg"
"000344","\\\\192.168.1.1\\data$\\images\\000344.jpg"
"000345","\\\\192.168.1.1\\data$\\images\\000345.jpg"
"000346","\\\\192.168.1.1\\data$\\images\\000346.jpg"
"000347","\\\\192.168.1.1\\data$\\images\\000347.jpg"
"000348","\\\\192.168.1.1\\data$\\images\\000348.jpg"
"000349","\\\\192.168.1.1\\data$\\images\\000349.jpg"
"000350","\\\\192.168.1.1\\data$\\images\\000350.jpg"
"000351","\\\\192.168.1.1\\data$\\images\\000351.jpg"
"000352","\\\\192.168.1.1\\data$\\images\\000352.jpg"
"000353","\\\\192.168.1.1\\data$\\images\\000353.jpg"
"000354","\\\\192.168.1.1\\data$\\images\\000354.jpg"
"000355","\\\\192.168.1.1\\data$\\images\\000355.jpg"
"000356","\\\\192.168.1.1\\data$\\images\\000356.jpg"
"000357","\\\\192.168.1.1\\data$\\images\\000357.jpg"
"000358","\\\\192.168.1.1\\data$\\images\\000358.jpg"
"000359","\\\\192.168.1.1\\data$\\images\\000359.jpg"
"000360","\\\\192.168.1.1\\data$\\images\\000360.jpg"
"000361","\\\\192.168.1.1\\data$\\images\\000361.jpg"
"000362","\\\\192.168.1.1\\data$\\images\\000362.jpg"
"000363","\\\\192.168.1.1\\data$\\images\\000363.jpg"
"000364","\\\\192.168.1.1\\data$\\images\\000364.jpg"
"000365","\\\\192.168.1.1\\data$\\images\\000365.jpg"
"000366","\\\\192.168.1.1\\data$\\images\\000366.jpg"
"000367","\\\\192.168.1.1\\data$\\images\\000367.jpg"
"000368","\\\\192.168.1.1\\data$\\images\\000368.jpg"
"000369","\\\\192.168.1.1\\data$\\images\\000369.jpg"
"000370","\\\\192.168.1.1\\data$\\images\\000370.jpg"
"000371","\\\\192.168.1.1\\data$\\images\\000371.jpg"
"000372","\\\\192.168.1.1\\data$\\images\\000372.jpg"
"000373","\\\\192.168.1.1\\data$\\images\\000373.jpg"
"000374","\\\\192.168.1.1\\data$\\images\\000374.jpg"
"000375","\\\\192.168.1.1\\data$\\images\\000375.jpg"
"000376","\\\\192.168.1.1\\data$\\images\\000376.jpg"
"000377","\\\\192.168.1.1\\data$\\images\\000377.jpg"
"000378","\\\\192.168.1.1\\data$\\images\\000378.jpg"
"000379","\\\\192.168.1.1\\data$\\images\\000379.jpg"
"000380","\\\\192.168.1.1\\data$\\images\\000380.jpg"
"000381","\\\\192.168.1.1\\data$\\images\\000381.jpg"
"000382","\\\\192.168.1.1\\data$\\images\\000382.jpg"
"000383","\\\\192.168.1.1\\data$\\images\\000383.jpg"
"000384","\\\\192.168.1.1\\data$\\images\\000384.jpg"
"000385","\\\\192.168.1.1\\data$\\images\\000385.jpg"
"000386","\\\\192.168.1.1\\data$\\images\\000386.jpg"
"000387","\\\\192.168.1.1\\data$\\images\\000387.jpg"
"000388","\\\\192.168.1.1\\data$\\images\\000388.jpg"
"000389","\\\\192.168.1.1\\data$\\images\\000389.jpg"
"000390","\\\\192.168.1.1\\data$\\images\\000390.jpg"
"000391","\\\\192.168.1.1\\data$\\images\\000391.jpg"
"000392","\\\\192.168.1.1\\data$\\images\\000392.jpg"
"000393","\\\\192.168.1.1\\data$\\images\\000393.jpg"
"000394","\\\\192.168.1.1\\data$\\images\\000394.jpg"
"000395","\\\\192.168.1.1\\data$\\images\\000395.jpg"
"000396","\\\\192.168.1.1\\data$\\images\\000396.jpg"
"000397","\\\\192.168.1.1\\data$\\images\\000397.jpg"
"000398","\\\\192.168.1.1\\data$\\images\\000398.jpg"
"000399","\\\\192.168.1.1\\data$\\images\\000399.jpg"
"000400","\\\\192.168.1.1\\data$\\images\\000400.jpg"
"000401","\\\\192.168.1.1\\data$\\images\\000401.jpg"
"000402","\\\\192.168.1.1\\data$\\images\\000402.jpg"
"000403","\\\\192.168.1.1\\data$\\images\\000403.jpg"
"000404","\\\\192.168.1.1\\data$\\images\\000404.jpg"
"000405","\\\\192.168.1.1\\data$\\images\\000405.jpg"
"000406","\\\\192.168.1.1\\data$\\images\\000406.jpg"
"000407","\\\\192.168.1.1\\data$\\images\\000407.jpg"
"000408","\\\\192.168.1.1\\data$\\images\\000408.jpg"
"000409","\\\\192.168.1.1\\data$\\images\\000409.jpg"
"000410","\\\\192.168.1.1\\data$\\images\\000410.jpg"
"000411","\\\\192.168.1.1\\data$\\images\\000411.jpg"
"000412","\\\\192.168.1.1\\data$\\images\\000412.jpg"
"000413","\\\\192.168.1.1\\data$\\images\\000413.jpg"
"000414","\\\\192.168.1.1\\data$\\images\\000414.jpg"
"000415","\\\\192.168.1.1\\data$\\images\\000415.jpg"
"000416","\\\\192.168.1.1\\data$\\images\\000416.jpg"
"000417","\\\\192.168.1.1\\data$\\images\\000417.jpg"
"000418","\\\\192.168.1.1\\data$\\images\\000418.jpg"
"000419","\\\\192.168.1.1\\data$\\images\\000419.jpg"
"000420","\\\\192.168.1.1\\data$\\images\\000420.jpg"
"000421","\\\\192.168.1.1\\data$\\images\\000421.jpg"
"000422","\\\\192.168.1.1\\data$\\images\\000422.jpg"
"000423","\\\\192.168.1.1\\data$\\images\\000423.jpg"
"000424","\\\\192.168.1.1\\data$\\images\\000424.jpg"
"000425","\\\\192.168.1.1\\data$\\images\\000425.jpg"